{"cameraMode":{"drawMode":0,"name":"Shaded","section":"Shading Mode"},"sceneLighting":false,"audioPlay":false,"sceneViewState":{"m_AlwaysRefresh":false,"showFog":true,"showSkybox":false,"showFlares":true,"showImageEffects":true,"showParticleSystems":true,"showVisualEffectGraphs":true,"m_FxEnabled":true},"in2DMode":false,"pivot":{"x":0.06585097312927246,"y":0.5388487577438355,"z":3.1363706588745119},"rotation":{"x":0.06741435825824738,"y":0.4696901738643646,"z":-0.03600165992975235,"w":0.8795194029808044},"size":2.4150259494781496,"orthographic":false}