{"cameraMode":{"drawMode":0,"name":"Shaded","section":"Shading Mode"},"sceneLighting":true,"audioPlay":false,"sceneViewState":{"m_AlwaysRefresh":false,"showFog":true,"showSkybox":true,"showFlares":true,"showImageEffects":true,"showParticleSystems":true,"showVisualEffectGraphs":true,"m_FxEnabled":true},"in2DMode":false,"pivot":{"x":-0.7976861000061035,"y":-336.7454833984375,"z":478.3891906738281},"rotation":{"x":-0.30584216117858889,"y":0.001157004153355956,"z":-0.00037547078682109714,"w":-0.9521291255950928},"size":487.3165588378906,"orthographic":false}