{"cameraMode":{"drawMode":0,"name":"Shaded","section":"Shading Mode"},"sceneLighting":false,"audioPlay":false,"sceneViewState":{"m_AlwaysRefresh":false,"showFog":true,"showSkybox":false,"showFlares":true,"showImageEffects":true,"showParticleSystems":true,"showVisualEffectGraphs":true,"m_FxEnabled":true},"in2DMode":false,"pivot":{"x":-0.2730565667152405,"y":1.1249483823776246,"z":0.5012540817260742},"rotation":{"x":-0.17192098498344422,"y":-0.12990787625312806,"z":0.022856824100017549,"w":-0.9762802720069885},"size":1.9499998092651368,"orthographic":false}